term,furigana,definition,notes,warnings,example1,example2
悪意,あくい,人に害をあたえようとする気持ち。,,,,
安易,あんい,簡単でたやすい様子。,,,,
安否,あんぴ,無事かどうか、ということ。,,,,
育児,いくじ,子どもを育てること。,,,,
以後,いご,これから先。今からのち。,,,,
以降,いこう,ある時をふくんで、それよりのち。,,,,
意志,いし,自分から進んで何かをしようとする気持ち。,,,,
意識,いしき,心に感じたり、気づいたりすること。,,,,
以前,いぜん,ある時をふくんでそれより前。,,,,
胃腸,いちょう,消化器官の胃と腸。,,,,
衣服,いふく,体に着るもの。,,,,
印刷,いんさつ,文字や絵などを大量に刷ること。,,,,
引用,いんよう,他人の言葉や表現などを借りて、自分の文章などで使うこと。,,,有名な文を引用する。,引用元を調べる。
右折,うせつ,車や自転車などが、角で右に曲がること。,,,,
内側,うちがわ,ある物や仕切りの、中のほう。,,,,
宇宙,うちゅう,地球や太陽など、全ての天体をふくんだ空間。,,,,
海辺,うみべ,海のほとり。,,,,
永遠,えいえん,いつまでも果てしなく続くこと。,,,,
映画,えいが,さつえいしたフィルムを映し出して見せるもの。,,,,
永久,えいきゅう,いつまでも、限りなく続くこと。,,,,
衛星,えいせい,地球などわく星の周りを回っている星。,,,,
栄養,えいよう,生物が生きていくために必要な養分。,,,,
液体,えきたい,決まった形はなく、水などのように入れ物によって形が変わって流れるもの。,,,,
沿岸,えんがん,海や川などに沿った陸地。また、陸地に沿った海や川など。,,,,
園芸,えんげい,野菜や花などを、植えて育てること。,,,,
延長,えんちょう,長さや時間がのびること。,,,,
遠方,えんぽう,遠くのほう。遠い所。,,,,
横断,おうだん,横の方向にたち切ること。横や東西の方向に通りぬけること。,,,,
往復,おうふく,行くことと帰ること。,,,校舎とグラウンドを何度も往復する。,一往復するのに３０分かかる。
屋内,おくない,家屋の内。建物の中。,,,,
恩人,おんじん,情けをかけ、力になってくれた人。,,,,
温泉,おんせん,地下水が地熱であたためられてわき出た湯。,,,,
会議,かいぎ,何人かが集まって話し合うこと。,,,,
海上,かいじょう,海の上。,,,,
快晴,かいせい,空が気持ちよく晴れわたること。,,,,
回復,かいふく,悪い状態になったものが、もとのよい状態にもどること。,,,,
回覧,かいらん,順々に回して見ること。,,,,
改良,かいりょう,今までのものを直して、よりよいものにすること。,,,,
確実,かくじつ,確かでまちがいがないこと。,,,,
各地,かくち,いろいろな土地。それぞれの地方。,,,,
革命,かくめい,国の政治などを急に大きく変えること。,,,,
過去,かこ,昔。今よりも前の時。,,,,
果実,かじつ,植物の実。,,,,
合奏,がっそう,複数の楽器で演奏すること。,,,,
可能,かのう,やればできること。,,,,
花粉,かふん,花のおしべの先にできる粉。,,,,
眼科,がんか,目の病気をあつかう、医学の一分野。,,,,
感覚,かんかく,目・耳・鼻・舌・皮ふなどを通して受ける感じ。,,,,
寒気,かんき,寒さ。,,,,
関係,かんけい,関わり合うこと。また、間がら。,,,,
簡潔,かんけつ,短くよくまとまっていること。,,,,
完結,かんけつ,続いていたものが終わること。,,,,
観察,かんさつ,様子をくわしく見ること。,,,,
関心,かんしん,あることに心をひかれること。,,,,
感心,かんしん,心に強く感じること。,,,,
完全,かんぜん,欠けたところや、足りないところが少しもないこと。,,,,
簡単,かんたん,こみいっていない様子。,,,,
干潮,かんちょう,潮が引いて、海水面が最も低くなること。,,,,
看病,かんびょう,病人につきそって世話をすること。,,,,
機会,きかい,何かをするのに最もよい時。,,,,
機械,きかい,動力を使って、仕事をするしかけ。,,,,
期限,きげん,前もって決められた一定の期間。,,,,
気候,きこう,ある土地の気温や雨量などの様子。,,,,
記述,きじゅつ,文章にして書き記すこと。,,,記述問題を解く。,記述式の試験。
気象,きしょう,大気の中で起こる、天候・気温・気圧などの状態。,,,,
規則,きそく,守らなければならないきまり。,,,,
基地,きち,活動の中心となる場所。よりどころとなる所。,,,,
記念,きねん,思い出に残しておくこと。,,,,
寄付,きふ,おおやけのことなどに、金品をさし出すこと。,,,,
規模,きぼ,物事のしくみ、構えなどの大きさ。,,,,
希望,きぼう,こうあってほしい、こうなりたいと望むこと。,,,,
基本,きほん,もとになるもの。土台。,,,,
義務,ぎむ,しなければならないつとめ。,,,,
救助,きゅうじょ,人を救って助けること。,,,救助のための訓練を行う。,救助隊に入る。
給食,きゅうしょく,学校や会社などで用意された食事。,,,給食当番。,おいしい給食。
牛乳,ぎゅうにゅう,牛の乳。,,,,
急用,きゅうよう,急がなければならない用事。,,,急用で出かける。,急用ができたので帰る。
休養,きゅうよう,休んで、気力や体力などを養うこと。,,,,
教師,きょうし,学校などで、学問や技術を教える人。,,,,
競走,きょうそう,決められたきょりを走り、速さをきそうこと。,,,,
競争,きょうそう,たがいに勝ち負けを争うこと。,,,,
共通,きょうつう,あることがらが、どれにもあてはまること。,,,,
郷土,きょうど,自分が生まれ育った土地。故郷。,,,,
共同,きょうどう,いっしょに物事をすること。,,,,
興味,きょうみ,おもしろいと感じること。,,,,
協力,きょうりょく,あることのために力を合わせること。,,,,
挙手,きょしゅ,手を挙げること。,,,賛成の人は挙手してください。,答えがわかった人は挙手してください。
規律,きりつ,人の行いのもととなるきまり。,,,,
均一,きんいつ,どれもみな同じであること。,,,,
金額,きんがく,お金の額。,,,,
金銭,きんせん,お金。,,,,
金属,きんぞく,熱や電気をよく通す、金・鉄・銅など。,,,,
均等,きんとう,どれも等しく差がないこと。,,,,
筋肉,きんにく,動物の体を動かす働きをする、のび縮みする器官。,,,,
区域,くいき,ある区切りをつけたはん囲。,,,,
果物,くだもの,みかん・かき・いちごなどの食べられる草木の実。,,,,
区別,くべつ,ちがいや種類によって分けること。,,,,
苦労,くろう,体をつかったり、気をつかったりして苦しむこと。,,,,
群生,ぐんせい,一つの植物が、一か所に群がって生えること。,,,,
郡部,ぐんぶ,都道府県の下で、郡に属する地域。,,,,
経験,けいけん,実際に、やったり見たり聞いたりすること。,,,,
敬語,けいご,相手を敬うときに使う言葉。,,,敬語について勉強する。,年上には敬語を使おう。
警告,けいこく,注意するよう、前もって知らせること。,,,,
競馬,けいば,馬に乗って速さをきそう競争。,,,,
劇場,げきじょう,演劇や映画などを、客に見せるための建物。,,,,
夏至,げし,太陽が一年中でいちばん北に寄る日。,,,,
景色,けしき,風景。自然のながめ。,,,,
血液,けつえき,人間などの、動物の血管を流れる液体。,,,,
結果,けっか,あることがもとになって起きたこと。,,,,
結局,けっきょく,最後の結果として。とうとう。,,,,
決死,けっし,死んでも構わないというほどの決意をすること。,,,,
欠席,けっせき,学校や会合などに行くことを休むこと。,,,かぜで欠席する。,欠席した理由。
結束,けっそく,力を合わせて一つにまとまること。,,,,
潔白,けっぱく,行いが正しく、悪いことをしていない様子。,,,,
原因,げんいん,物事が起こったもととなるもの。,,,,
限界,げんかい,物事の、これ以上はないというぎりぎりのはん囲。,,,,
健康,けんこう,体がじょうぶで元気なこと。また、体や心の状態。,,,,
検査,けんさ,ある基準をもとに、異なるところや悪いところがないか調べること。,,,,
現在,げんざい,今。過去と未来の間。,,,,
厳守,げんしゅ,約束やきまりなどをかたく守ること。,,,,
減少,げんしょう,減って少なくなること。,,,ごみが減少する。,人口が減少する地域。
健全,けんぜん,体がじょうぶな様子。健康な様子。,,,,
源泉,げんせん,水がわき出るもと。,,,,
県庁,けんちょう,県を治める仕事をする役所。,,,,
権利,けんり,あることを自由にできる資格。,,,,
降雨,こうう,雨が降ること。また、降る雨。,,,,
効果,こうか,ききめ。よい結果。,,,,
航海,こうかい,船で海をわたること。,,,,
孝行,こうこう,子どもが親を大切にしてよく仕えること。,,,,
広告,こうこく,世間に広く知らせること。,,,,
耕作,こうさく,田畑を耕して、作物を育てること。,,,,
考察,こうさつ,よく調べ考えること。,,,,
校舎,こうしゃ,学校の建物。,,,学校の校舎。,きれいな校舎。
構成,こうせい,組み立てること。また、組み立てられたもの。,,,作文の構成。,構成を立てる。
紅茶,こうちゃ,茶の一種。茶の若葉を発こうさせ、かんそうさせたもの。,,,,
工程,こうてい,ものを作ったり、仕事を進めたりするときの順序。,,,,
講堂,こうどう,学校などで、大勢の人が集まって、式や会をする大きな部屋。,,,学校の講堂に集まる。,その先に大きな講堂がある。
好評,こうひょう,よい評判や批評。,,,,
興奮,こうふん,気持ちが高ぶること。,,,,
小枝,こえだ,小さくて細い木の枝。,,,,
戸外,こがい,家の外。屋外。,,,,
誤解,ごかい,まちがって理解すること。,,,,
故郷,こきょう,生まれ育った土地。ふるさと。,,,,
国際,こくさい,国と国の関係やつき合い。多くの国に関係すること。,,,,
穀物,こくもつ,米や麦など、人間が主食とする作物。,,,,
誤算,ごさん,見こみをまちがえること。,,,,
故障,こしょう,機械や体の具合が悪くなること。,,,,
個人,こじん,ひとりの人間。,,,,
国旗,こっき,国を代表する印としての旗。,,,,
国境,こっきょう,国と国との境。,,,,
骨折,こっせつ,外からの力が加わり、骨が折れること。,,,スキーで転んで足を骨折する。,手を骨折したので病院へ行く。
固定,こてい,一つの場所から動かないようにすること。,,,,
古典,こてん,昔作られ、現在でも価値のある書物。,,,古典文学を味わう。,古典文学を研究する。
粉薬,こなぐすり,粉の薬。,,,,
米倉,こめぐら,米をしまっておく倉。,,,,
今晩,こんばん,今日の晩。今夜。,,,,
再開,さいかい,長い間会わなかった人どうしがまた会うこと。,,,,
災害,さいがい,台風や地しんなどによって受ける、思いがけない悪いこと。,,,,
細工,さいく,細かいものを手で作ること。,,,,
財産,ざいさん,家・お金・宝石などのねうちのあるもの。,,,,
最初,さいしょ,いちばん初め。,,,,
裁判,さいばん,争いやうったえを法律によってさばくこと。,,,,
昨日,さくじつ,今日より一日前の日。,特別な読みで、「きのう」とも読む。,,,
昨年,さくねん,今年の前の年。去年。,,,,
座席,ざせき,すわる場所。すわる席。,,,,
左折,させつ,車や自転車などが、角で左に曲がること。,,,,
雑音,ざつおん,じゃまになる音。,,,,
雑草,ざっそう,自然に生えるいろいろな草。,,,,
参加,さんか,仲間に加わること。,,,,
参考,さんこう,他のものと比べて考える助けにすること。,,,,
賛成,さんせい,人の意見に対し、自分も同じだと認めること。,,,,
山頂,さんちょう,山の頂上。,,,,
賛同,さんどう,人の意見に賛成して同意すること。,,,,
参拝,さんぱい,神社や寺に参ること。,,,,
散歩,さんぽ,気楽にぶらぶらと歩くこと。,,,,
酸味,さんみ,すっぱい味。,,,,
山脈,さんみゃく,山地が、細長く連なっているもの。,,,,
試合,しあい,スポーツなどの勝負。,,,,
飼育,しいく,動物を飼って育てること。,,,,
司会,しかい,会の進行を中心になってすること。また、その役。,,,,
資格,しかく,ある職業や身分につくのに必要な事がら。,,,,
四季,しき,春・夏・秋・冬の四つの季節。,,,,
指揮,しき,人々の動きなどを指図してまとめること。,,,,
試験,しけん,学力や能力を試すために、問題を出して答えさせること。,,,,
自己,じこ,自分。自身。,,,,
時刻,じこく,何時何分というように、ある決まった時。,,,,
指示,しじ,指し示すこと。,,,,
辞書,じしょ,辞典。,,,辞書を引く。,フランス語の辞書を買う。
自信,じしん,自分の値うちや力などを信じること。,,,,
姿勢,しせい,体の構え方。格好。,,,,
自然,しぜん,人間がつくったものを除いた全てのもの。,,,,
子孫,しそん,先祖から同じ血すじでつながっている人々。,,,,
自治,じち,自分たちのことを自分たちで決めて行うこと。,,,,
実験,じっけん,正しいかどうか、実際にやって確かめること。,,,,
失敗,しっぱい,思ったとおりにできないこと。,,,,
質問,しつもん,わからないことなどをたずねること。,,,,
失礼,しつれい,礼儀に欠けていること。,,,,
辞典,じてん,言葉を一定の規則に従って並べ、意味などを説明した本。,,,漢字辞典を引く。,国語辞典を買う。
事典,じてん,いろいろなことがらを一定の規則に従って並べ、意味を説明した本。,,,百科事典を買ってもらう。,百科事典は知識の宝庫だ。
児童,じどう,小学生。,,,,
死亡,しぼう,死ぬこと。,,,,
志望,しぼう,こうしたい、こうなりたいと望むこと。,,,,
清水,しみず,地面などからわき出てくる、すんでいてきれいな水。,,,,
市民,しみん,市に住んでいる人。,,,,
氏名,しめい,名字と名前。,,,,
車輪,しゃりん,車の輪。,,,,
謝礼,しゃれい,お礼の気持を表すためのもの。,,,,
周囲,しゅうい,ある物のまわり。取り巻いている人や物。,,,,
習慣,しゅうかん,いつもくり返してすること。,,,,
住居,じゅうきょ,住んでいる場所。家。,,,,
宗教,しゅうきょう,神や仏を信じ安心や幸福を得ようとすること。また、その教え。,,,,
就職,しゅうしょく,職業につくこと。,,,,
住宅,じゅうたく,人が住むための家。住居。,,,,
縦断,じゅうだん,縦の方向にたち切ること。縦や南北の方向に通り抜けること。,,,,
修復,しゅうふく,こわれたところを直して、元どおりにすること。,,,,
週末,しゅうまつ,一週間の終わりのころ。,,,,
修理,しゅうり,こわれたところを直すこと。,,,,
授業,じゅぎょう,学校で勉強を教えること。,,,国語の授業。,授業を受ける。
祝賀,しゅくが,めでたいこととして喜び祝うこと。,,,,
祝日,しゅくじつ,祝いの日。国が定めた国民の祝日。,,,,
宿舎,しゅくしゃ,とまるための建物。宿。,,,,
祝福,しゅくふく,人の幸せを祝うこと。,,,,
主語,しゅご,文の中で「何が」「何は」にあたる語。,,,文の主語。,主語と述語。
手術,しゅじゅつ,医師が病人を治すために、体の悪い部分を取ったりする方法。,,,,
出演,しゅつえん,映画や演劇などに出ること。,,,,
出欠,しゅっけつ,出席と欠席。,,,授業の初めに出欠を取る。,先生がクラスの出欠確認をする。
述語,じゅつご,文の中で、主語の動作やありさまを述べる部分の言葉。,,,主語と述語。,述語は、文の中で、どうする・どんなだ・なんだ・ある（いる・ない）を意味する言葉です。
出席,しゅっせき,授業や会合などに出ること。,,,授業に出席する。,出席日数が足りない。
樹木,じゅもく,地面に生えている木。,,,,
順序,じゅんじょ,ある一定の決まった並び方。,,,,
順番,じゅんばん,順序に従って、かわるがわる物事にあたること。または、その順序。,,,,
準備,じゅんび,前もって用意すること。,,,,
蒸気,じょうき,液体などが蒸発して気体になったもの。,,,,
情景,じょうけい,見えたり、感じたりする景色や様子。,,,,
条件,じょうけん,成り立つために必要なことがら。,,,,
乗車,じょうしゃ,車に乗ること。,,,始発駅から乗車する。,たくさんの人が乗車している。
情勢,じょうせい,物事が変化していく様子。,,,,
招待,しょうたい,客を招いて、もてなすこと。,,,,
状態,じょうたい,物事のありさまや様子。,,,,
承知,しょうち,相手のたのみを聞き入れること。,,,,
消毒,しょうどく,薬や熱などによって、細きんを殺すこと。,,,,
勝敗,しょうはい,勝つことと敗れること。,,,ゲームの勝敗を争う。,サッカーの試合の勝敗。
蒸発,じょうはつ,液体がその表面から気体になること。,,,,
照明,しょうめい,光を照らして明るくすること。電灯などの人工的な光で明るくすること。,,,,
省略,しょうりゃく,省いて短くすること。,,,,
初夏,しょか,夏のはじめのころ。,,,,
食塩,しょくえん,食用の塩。,,,,
職業,しょくぎょう,暮らしていくために、人がついている決まった仕事。,,,,
食堂,しょくどう,食事をするための部屋。また、食事を出す店。,,,,
食費,しょくひ,食事にかかるお金。,,,,
食欲,しょくよく,食べたいと思う気持ち。,,,,
初秋,しょしゅう,秋のはじめのころ。,,,,
初日,しょにち,もよおし物などの最初の日。,,,,
飼料,しりょう,家ちくのえさ。,,,,
信号,しんごう,道路や鉄道などで、進行してよいかどうか知らせる機械。,,,,
人工,じんこう,人間が手を加えること。手を加えたもの。,,,,
心臓,しんぞう,体全体に血液を送る働きをする器官。,,,,
神秘,しんぴ,理解できないような不思議なこと。,,,,
新芽,しんめ,新しく出た草木の芽。,,,,
人類,じんるい,人間全体をさして言う言葉。,,,,
頭痛,ずつう,頭が痛むこと。,,,,
砂場,すなば,砂遊びができるようにした所。,,,,
頭脳,ずのう,物事を考える頭の働き。知力。,,,,
巣箱,すばこ,小鳥がすめるように、木などにかけておく箱。,,,,
寸前,すんぜん,あることの起こるほんの少し前。,,,,
成果,せいか,あることをして得た、よい結果。,,,,
正確,せいかく,正しくてまちがいのないこと。,,,,
世紀,せいき,西洋のこよみで、百年を一区切りとする年代の数え方。,,,,
正義,せいぎ,人間としてしなければならない正しい行い。,,,,
成功,せいこう,思ったとおりにうまくいくこと。,,,,
正座,せいざ,姿勢を正し、ひざをそろえてすわること。,,,,
政治,せいじ,国を治めること。,,,,
誠実,せいじつ,考え方や態度が真面目で、まごころがこもっている様子。,,,,
成績,せいせき,成しとげたことの結果。勉強や試験の結果。,,,,
成長,せいちょう,人や動物が、育って大きくなること。,,,,
晴天,せいてん,晴れた空。よい天気。,,,,
生徒,せいと,学校などで、教えを受ける人。,,,,
制度,せいど,国や団体などを運営していくために定めたきまりやしくみ。,,,,
製品,せいひん,作られた品物。,,,,
制服,せいふく,学校・会社などで決められた衣服。,,,,
積雪,せきせつ,降り積もった雪。,,,,
責任,せきにん,背負わなければならないつとめ。,,,,
赤飯,せきはん,もち米にあずきを入れてむしたご飯。,,,,
世代,せだい,親から子、孫へと続いていくそれぞれの代。,,,,
節分,せつぶん,季節の変わり目。また、立春の前の日。,,,,
説明,せつめい,よくわかるように話して聞かせること。,,,,
世話,せわ,人や動物のめんどうをみること。,,,,
善意,ぜんい,人のことを思いやる気持ち。,,,,
選挙,せんきょ,大勢の中から代表などを選ぶこと。,,,,
宣言,せんげん,考えなどを多くの人に向けて告げること。,,,,
選手,せんしゅ,協議会や試合などに選ばれて出場する人。,,,,
戦争,せんそう,国どうしが武力を使って争うこと。,,,,
銭湯,せんとう,入浴料を取って、人を入浴させるふろ屋。,,,,
増加,ぞうか,数や量が増えること。,,,人口が増加する国。,米の生産量が増加する。
臓器,ぞうき,体内の胸や腹の中にある器官。,,,,
倉庫,そうこ,物を保管するための建物。,,,,
操作,そうさ,機械などを動かすこと。,,,,
創作,そうさく,作品などを、初めて作り出すこと。,,,創作活動を行う。,創作料理を作る。
創造,そうぞう,新しいものを初めて作り出すこと。,,,みずからの力によって創造する。,新しい文化を創造するのは大変な仕事だ。
側面,そくめん,正面に対して、横の面。,,,,
組織,そしき,人や物を集め、組み立てること。また、組み立てられたもの。,,,,
祖先,そせん,その家の、今生きている人より前の代の人々。,,,,
卒業,そつぎょう,学校で決められている勉強を全て終えて、学校を去ること。,,,兄が卒業する。,明日は卒業式だ。
外側,そとがわ,ある物や仕切りの、外のほう。,,,,
損害,そんがい,ものがこわれたり、なくなったりして損をすること。,,,,
尊敬,そんけい,相手のことを立派だと思い、敬うこと。,,,,
存在,そんざい,ものがあること。人がいること。,,,,
損失,そんしつ,商売などでもうけを失うこと。,,,,
大群,たいぐん,動物などが多く集まってつくる群れ。,,,,
対策,たいさく,ある問題などに対してどうすればよいかという方法。,,,,
退職,たいしょく,勤めていた職場をやめること。,,,,
大臣,だいじん,内閣をつくって、国の政治にたずさわる人。,,,,
隊長,たいちょう,隊を指揮する人。,,,,
態度,たいど,思っていることが表れた、その人の身ぶりやふるまい。,,,,
対比,たいひ,二つのものを比べて、ちがいを調べること。,,,,
台風,たいふう,熱帯低気圧の一つ。暴風雨をともない、災害を引き起こすこともある。,,,,
段階,だんかい,物事の区切り。,,,,
探検,たんけん,危険をおかして、いろいろなことを調べること。,,,,
短縮,たんしゅく,長さや時間を縮めること。,,,,
誕生,たんじょう,生き物や新しいものが、生まれること。,,,,
団体,だんたい,同じ目的で集まった人々。,,,,
担当,たんとう,一定のことがらを受け持つこと。,,,,
担任,たんにん,ある役目を責任をもって引き受けること。また、学校の先生が学級や教科を受け持つこと。,,,,
地域,ちいき,限られたはん囲の土地。区画された土地の区域。,,,,
遅刻,ちこく,決められた時刻よりおくれること。,,「遅」という漢字は、小学生では習いません。,,
知識,ちしき,物事についてわかっていることや、知っていること。,,,,
地帯,ちたい,ある特ちょうによって区切られた、一定の広がりをもつ地域。,,,,
中世,ちゅうせい,古代と近世の間を表す歴史の時代区分。,,,,
長官,ちょうかん,官庁でいちばん上の役目。,,,,
調査,ちょうさ,物事の姿や動きなどを明らかにするために調べること。,,,,
貯金,ちょきん,お金をためること。,,,,
追求,ついきゅう,目的のものを、どこまでも追い求めること。,,,,
通過,つうか,ある場所や時を通り過ぎること。,,,,
提案,ていあん,会議などにある考えを出すこと。,,,,
提供,ていきょう,自分のものを差し出すこと。,,,,
停止,ていし,ある場所や時にとどまること。,,,,
停車,ていしゃ,列車や電車などが止まること。,,,,
提出,ていしゅつ,書類などを決められた場所に出すこと。,,,,
程度,ていど,物事の度合い。,,,,
適切,てきせつ,ぴったりあてはまる様子。,,,,
適当,てきとう,ほどよくあてはまる様子。,,,,
鉄鉱,てっこう,鉄をふくみ、鉄の原料になる石。,,,,
転居,てんきょ,住まいをかえること。,,,,
天候,てんこう,気候に比べて、短い期間の天気の状態。,,,,
伝言,でんごん,人にたのんで用事を伝えてもらうこと。,,,,
伝統,でんとう,古くから伝えられてきたならわしなど。,,,,
天然,てんねん,自然のままであること。,,,,
同一,どういつ,全く同じであること。,,,,
冬至,とうじ,太陽が一年中でいちばん南に寄る日。,,,,
灯台,とうだい,夜、船が安全に進めるように強い光を出す高い建物。,,,,
投票,とうひょう,物事を決めるとき、だれかを選ぶときなどに、紙に書いて箱などに入れること。,,,,
糖分,とうぶん,あまみや糖の成分。,,,,
同盟,どうめい,二人以上の人などが、同じ目的のために、同じ行動をとることを約束すること。,,,,
度胸,どきょう,物事をおそれない心。,,,,
得意,とくい,思いどおりになって満足している様子。,,,,
読本,とくほん,昔の国語の教科書のこと。,,,読本を読む。,祖母と読本を見る。
土俵,どひょう,すもうをとる場所。,,,,
徒歩,とほ,乗り物を使わずに歩くこと。,,,,
友達,ともだち,親しくつき合っている人。友人。,,,,
努力,どりょく,ある目的のために、一生けんめいにやること。,,,,
内容,ないよう,あるものの中にあるもの。文章や言葉によって表されることがら。,,,話の内容。,手紙の内容。
仲間,なかま,いっしょに同じ物事をする人や友達。,,,,
菜種,なたね,あぶらなの種。,,,,
名札,なふだ,名前を書いた札。,,,服に名札をつける。,ぼくの名札。
生卵,なまたまご,生のままの卵。,,,,
並木,なみき,並んで立っている樹木。,,,,
南極,なんきょく,地球の南のはし。また、そのあたりの地方。,,,,
難題,なんだい,難しい問題。,,,,
難問,なんもん,難しい問題。,,,,
日程,にってい,仕事や行事などの予定。日どり。,,,,
任命,にんめい,役目や仕事につくように命じること。,,,,
値段,ねだん,ものを売り買いする金額。,,,,
熱意,ねつい,物事に対する強い意気ごみ。,,,,
熱心,ねっしん,一つのことに心をこめて、一生けんめいはげむ様子。,,,,
熱湯,ねっとう,ふっとうしている湯。,,,,
年賀,ねんが,新しい年を祝うこと。,,,,
燃料,ねんりょう,燃やして、熱や光などを得る材料。,,,,
能力,のうりょく,物事をすることができる力。,,,,
俳句,はいく,五・七・五の十七音からなる、日本独特の詩。,,,俳句と短歌。,俳句の作り方。
背景,はいけい,背後の光景。物事の背後にある事情。,,,,
拝見,はいけん,「見る」「読む」「調べる」のへりくだった言い方。,,,,
灰皿,はいざら,たばこの灰や吸いがらを入れる皿。,,,ガラスでできた灰皿。,タバコは灰皿に捨てよう。
配置,はいち,役目や場所を割り当てること。,,,,
博士,はかせ,学問やその道の知識にくわしい人。,博士は「はくし」とも読む。,,,
発育,はついく,生き物が、育って大きくなること。,,,,
発音,はつおん,言葉の音を声に出して言うこと。,,,英語の発音。,発音が良い。
発芽,はつが,草木が芽を出すこと。,,,,
発車,はっしゃ,列車や電車などが動き出すこと。,,,,
発声,はっせい,声を出すこと。声の出し方。,,,発声練習をする。,発声の仕方。
発展,はってん,物事がさかんになって栄えること。,,,,
花束,はなたば,いろいろな花をたばねたもの。,,,,
晩秋,ばんしゅう,秋の終わり。秋の末。,,,,
反省,はんせい,自分の行いをふり返り、考え直すこと。,,,,
反対,はんたい,人の意見に逆らいそむくこと。,,,,
判断,はんだん,よいか悪いかを考えて決めること。,,,,
飛行,ひこう,空中を飛ぶこと。,,,,
非常,ひじょう,ふつうとはちがう、さしせまった状態。,,,建物の非常口を探す。,学校の非常階段。
必死,ひっし,一生けんめいになる様子。,,,,
必要,ひつよう,なくてはならない様子。,,,,
批判,ひはん,物事のよい悪いを判断して、述べること。,,,,
費用,ひよう,何かをしたり、ものを買うために必要となるお金。,,,,
表情,ひょうじょう,感情が、顔つきや身ぶりに表れたもの。,,,,
飛来,ひらい,飛んで来ること。,,,,
肥料,ひりょう,作物の育ちがよくなるように、土などに入れるもの。,,,,
非礼,ひれい,礼をわきまえないこと。,,,非礼な態度。,非礼な人。
品質,ひんしつ,品物にそなわった性質。,,,,
貧乏,びんぼう,お金や物が不足して、生活が貧しいこと。,,,,
風景,ふうけい,目に映る広いはん囲のながめ。景色。,,,,
夫婦,ふうふ,結こんしている一組の男女。,,「夫」（ふう）という読みは、小学生では習いません。,,
付近,ふきん,近くの場所。その辺り。近辺。,,,,
服装,ふくそう,衣服を着たときの様子。,,,,
腹痛,ふくつう,おなかが痛むこと。はらいた。,,,,
夫妻,ふさい,夫と妻。,,,,
節目,ふしめ,物事の区切れ目。,,,,
婦人,ふじん,成人した女性。一人前の女性。,,,,
夫人,ふじん,他の人の妻を敬っていう言葉。,,,,
不足,ふそく,たりないこと。十分でない様子。,,,晴天が続いて、水が不足する。,不足を補う。
復興,ふっこう,もとのようにさかんになること。,,,,
仏像,ぶつぞう,仏の姿を表した像。,,,,
不便,ふべん,便利でない様子。,,,電気がない生活は不便だ。,不便な土地。
不要,ふよう,必要でない様子。,,,,
不利,ふり,条件が悪い様子。,,,不利な状きょう。,不利な条件。
古巣,ふるす,前にすんでいた巣。また、前に住んでいたり、働いていたりした所をたとえた言葉。,,,,
奮起,ふんき,元気を出してふるい立つこと。,,,,
分類,ぶんるい,種類や性質によって分けること。,,,,
兵士,へいし,いくさをする人。,,,,
変化,へんか,性質や状態が変わること。,,,カメレオンの色が変化する。,変化球を投げる。
編集,へんしゅう,資料・原こうなどを集めて本などにまとめること。,,,,
弁当,べんとう,入れ物に入れて持ち歩く食事。,,,,
便利,べんり,都合がよいこと。役に立つこと。,,,,
包囲,ほうい,周りを取り囲むこと。,,,,
貿易,ぼうえき,外国と品物の売り買いをすること。,,,,
防災,ぼうさい,台風や火事などの災害を防ぐこと。,,,,
豊作,ほうさく,作物がよく実って、たくさんとれること。,,,,
方針,ほうしん,めざす方向ややり方。,,,,
包帯,ほうたい,傷口などを守るために巻く細長い布。,,,,
報道,ほうどう,世の中の出来事を、新聞・テレビなどを通じて人々に知らせること。,,,,
方法,ほうほう,物事を行うときのやり方。,,,,
訪問,ほうもん,よその家などをたずねること。,,,,
豊漁,ほうりょう,魚がたくさんとれること。,,,,
牧場,ぼくじょう,牛や馬などの家ちくを放して育てる場所。,,,,
保険,ほけん,事故などのときのために、お金を積み立てておくしくみ。,,,,
保健,ほけん,体が健康であるようにすること。,,,,
墓前,ぼぜん,墓の前。,,,,
保存,ほぞん,そのままの形でとっておくこと。,,,,
墓地,ぼち,墓がある所。,,,,
北極,ほっきょく,地球の北のはし。また、そのあたりの地方。,,,,
本能,ほんのう,動物が、学習や経験によらず、本来もっている能力。,,,,
迷子,まいご,道に迷ったり、はぐれたりすること。また、はぐれた子ども。,,,,
街角,まちかど,街の通りの曲がり角。,,,,
満員,まんいん,定員に達すること。また、人がいっぱい入っていること。,,,,
満潮,まんちょう,潮が満ちて、海水面が最も高くなること。,,,,
未開,みかい,開発されていないこと。,,,未開の地。,未開拓の街でおいしい料理屋を探す。
未熟,みじゅく,学問や技術などが、十分でないこと。,,,子どもの未熟な考え。,未熟な弟。
未定,みてい,まだ決まっていないこと。,,,明日の予定は未定だ。,
未来,みらい,これから先のこと。現在より先の時。,,,,
無罪,むざい,罪がないと認められること。,,,無罪が確定する。,友人の無罪を信じる。
無理,むり,できそうもないこと。,,,重い荷物を一人で運ぶのは無理だ。,無理は続かない。
無料,むりょう,料金がかからないこと。,,,無料のチケットをもらう。,無料のポケットティッシュをもらう。
命令,めいれい,言いつけること。,,,,
迷路,めいろ,迷いやすい道。また、これを図形化した遊び。,,「迷」（めい）という読みは、小学生では習いません。,,
眼鏡,めがね,視力を整えたり、目を守ったりする器具。,,,,
目的,もくてき,物事をするときのめあて。,,,,
目標,もくひょう,目印。めざすもの。目的。,,,,
模型,もけい,実物に似せて作ったもの。,,,,
模写,もしゃ,そっくりにまねて写すこと。,,,,
模様,もよう,かざりとして使われるいろいろな形。,,,,
約束,やくそく,たがいに、先のことについて取り決めること。,,,,
役目,やくめ,あたえられて、しなければならない仕事。,,,,
役割,やくわり,役目を割り当てること。また、その役目。,,,,
野菜,やさい,食べ物として畑に作る植物。,,,,
有益,ゆうえき,利益があること。,,,有益な情報をありがとう。,有益な時間をすごした。
勇気,ゆうき,おじけづかない強い心。,,,,
優勝,ゆうしょう,すぐれたものが、他のものに勝つこと。,,,,
夕飯,ゆうはん,夕方の食事。夕食。,,,,
郵便,ゆうびん,手紙や荷物などを送り届ける制度。,,,,
輸出,ゆしゅつ,国の中で作られた商品を外国に売ること。,,,,
油断,ゆだん,気を許して注意しないこと。,,,,
輸入,ゆにゅう,外国から品物を買い入れること。,,,,
容器,ようき,物を入れるうつわ。,,,,
養蚕,ようさん,蚕を育てて、まゆをとること。,,,,
幼児,ようじ,幼い子。,,,,
幼虫,ようちゅう,虫などの幼生。さなぎや成虫になる前。,,,,
養分,ようぶん,生物が育つために必要なもの。,,,,
要約,ようやく,文章や話の大切なところを短くまとめること。,,,文章を要約する。,これまでの話を要約する。
預金,よきん,金銭を預けること。,,,預金通帳を親にわたす。,おこづかいを銀行に預金する。
翌朝,よくあさ,次の日の朝。あくる朝。,「よくちょう」とも読む。,,,
浴室,よくしつ,ふろ場。,,,,
翌日,よくじつ,次の日。あくる日。,,,,
余計,よけい,ふつうよりも多い様子。,,,,
余分,よぶん,余った分。残り。,,,,
予報,よほう,前もって知らせること。また、その知らせ。,,,,
利益,りえき,商売などのもうけ。,,,,
利害,りがい,利があることと害があること。,,,両者の利害が対立する。,おたがいの利害を考える。
陸上,りくじょう,陸地の上。,,,,
立春,りっしゅん,こよみの上で、春が始まる日のこと。,,,,
留意,りゅうい,心にとどめて、特に気をつけること。,,,,
留学,りゅうがく,一定期間外国などに行って学ぶこと。,,,,
良心,りょうしん,よい行いをしようとする心。,,,,
料理,りょうり,材料をにたり焼いたりして食べ物を作ること。,,,,
臨時,りんじ,必要があってその時だけであること。,,,,
冷気,れいき,ひんやりと冷たい空気。,,,,
歴代,れきだい,何代も経ていること。,,,,
老人,ろうじん,年を取った人。年寄り。,,,,
労働,ろうどう,体や頭脳を使って働くこと。,,,,
朗読,ろうどく,文や詩などを、声に出して読むこと。,,,本を朗読する。,朗読会を開く。
録音,ろくおん,音を記録すること。,,,,
若者,わかもの,年の若い人。青年。,,,,
綿毛,わたげ,綿のようにやわらかい毛。,,,,
